{"prediction": "UNCERTAIN", "confidence": 0.42857142857142855, "indicators": {"rsi": 50.0, "macd": 0.0, "ema9": 2070.34, "ema21": 2070.34, "bollinger_lower": 0.0, "bollinger_upper": 0.0, "momentum": 0.0, "current_eth_price": 2070.34}, "macro_context": {"btc_dominance": 50.0, "global_crypto_volume_24h": 69625796871.47705, "eth_24h_change_pct": -3.1612241761819133, "fear_greed_index": 10.0}, "accuracy_so_far": 0.0, "timestamp": "2026-03-22T13:04:24.825094", "candle_counts": {"1m": 500, "10m": 11, "30m": 11}, "current_eth_price": 2070.34, "vela_should_act": false}