{"prediction": "UNCERTAIN", "confidence": 0.42857142857142855, "indicators": {"rsi": 50.0, "macd": 0.0, "ema9": 2101.96, "ema21": 2101.96, "bollinger_lower": 0.0, "bollinger_upper": 0.0, "momentum": 0.0, "current_eth_price": 2101.96}, "macro_context": {"btc_dominance": 50.0, "global_crypto_volume_24h": 66753777797.60505, "eth_24h_change_pct": -3.3024466906559162, "fear_greed_index": 10.0}, "accuracy_so_far": 0.0, "timestamp": "2026-03-22T11:08:21.976721", "candle_counts": {"1m": 500, "10m": 10, "30m": 10}, "current_eth_price": 2101.96, "vela_should_act": false}