{"prediction": "UNCERTAIN", "confidence": 0.42857142857142855, "indicators": {"rsi": 50.0, "macd": 0.0, "ema9": 2048.3117151146234, "ema21": 2056.5696502186456, "bollinger_lower": 0.0, "bollinger_upper": 0.0, "momentum": 0.0, "current_eth_price": 2043.77}, "macro_context": {"btc_dominance": 50.0, "global_crypto_volume_24h": 79162530951.7201, "eth_24h_change_pct": -4.003004851941337, "fear_greed_index": 10.0}, "accuracy_so_far": 0.0, "timestamp": "2026-03-22T23:45:09.414083", "candle_counts": {"1m": 500, "10m": 100, "30m": 34}, "current_eth_price": 2043.77, "vela_should_act": false}