{"prediction": "UNCERTAIN", "confidence": 0.42857142857142855, "indicators": {"rsi": 50.0, "macd": 0.0, "ema9": 2078.05, "ema21": 2078.05, "bollinger_lower": 0.0, "bollinger_upper": 0.0, "momentum": 0.0, "current_eth_price": 2078.05}, "macro_context": {"btc_dominance": 50.0, "global_crypto_volume_24h": 60002660543.68978, "eth_24h_change_pct": -3.0937743910850317, "fear_greed_index": 10.0}, "accuracy_so_far": 0.0, "timestamp": "2026-03-22T01:39:17.683133", "candle_counts": {"1m": 500, "10m": 9, "30m": 9}, "current_eth_price": 2078.05, "vela_should_act": false}