{"prediction": "UNCERTAIN", "confidence": 0.42857142857142855, "indicators": {"rsi": 50.0, "macd": 0.0, "ema9": 2081.81, "ema21": 2081.81, "bollinger_lower": 0.0, "bollinger_upper": 0.0, "momentum": 0.0, "current_eth_price": 2081.81}, "macro_context": {"btc_dominance": 50.0, "global_crypto_volume_24h": 69909639643.5745, "eth_24h_change_pct": -3.1698114104797908, "fear_greed_index": 10.0}, "accuracy_so_far": 0.0, "timestamp": "2026-03-22T17:55:26.246061", "candle_counts": {"1m": 500, "10m": 9, "30m": 9}, "current_eth_price": 2081.81, "vela_should_act": false}