{"prediction": "UNCERTAIN", "confidence": 0.42857142857142855, "indicators": {"rsi": 50.0, "macd": 0.0, "ema9": 2062.43, "ema21": 2062.43, "bollinger_lower": 0.0, "bollinger_upper": 0.0, "momentum": 0.0, "current_eth_price": 2062.43}, "macro_context": {"btc_dominance": 50.0, "global_crypto_volume_24h": 72306653730.6204, "eth_24h_change_pct": -4.3121468007241015, "fear_greed_index": 10.0}, "accuracy_so_far": 0.0, "timestamp": "2026-03-22T20:38:45.589956", "candle_counts": {"1m": 500, "10m": 10, "30m": 10}, "current_eth_price": 2062.43, "vela_should_act": false}